iter	Logloss	Accuracy
0	0.2850957661	0.947761194
1	0.09581239619	0.2	0.02127702	0.0533	0.01246764081	1
4	0.0079410195	1
78	0.9925374	0.04	0.03655568731	0.9925373134
