iter	Logloss	Logloss	Logloss	Accuracy	Accuracy	Accuracy
0	0.2315381112	0.2050100527	0.2983082847	0.9104477612	0.9701492537	0.9393939394
1	0.1452488427	0.0916135177	0.1173271749	0.9701492537	0.9850746269	0.9393939394
2	0.084778243	0.08142106196	0.05039308587	0.9850746269	0.9850746269	1
3	0.04033924272	0.08473709311	0.04731564062	1	0.9850746269	1
4	0.02936268974	0.08913254388	0.02877308279	1	0.9850746269	1
