iter	Logloss	Accuracy
0	0.2360209372	0.9428571429
1	0.11945105	0.9571428571
2	0.06577666512	0.9857142857
3	0.04227103387	0.9857142857
4	0.03470091619	0.9928571429
